DATE,CSUSHPISA,Year,Month,Per_Capita_GDP,working_age_pop,Houses,CPI,UNRATE,EmpRate,Cons_Material,FEDFUNDS,urban_pop_us,Num_Households,median_income,Subsidy,old_age_pop
2002-01-01,117.144,2002,1,50091.0,182565279.867578,4.2,177.7,5.7,72.0164916298855,142.0,1.73,79.4,109297.0,65820.0,24.183,12.3
2002-02-01,117.845,2002,2,50156.0,182796967.569976,4.0,178.0,5.7,72.3333098537061,142.2,1.74,79.4,109297.0,65820.0,24.183,12.3
2002-03-01,118.687,2002,3,50221.0,183077355.612739,4.1,178.5,5.7,72.1321904387761,143.2,1.73,79.4,109297.0,65820.0,24.183,12.3
2002-04-01,119.611,2002,4,50286.0,183259721.051767,4.3,179.3,5.9,71.9150862885645,143.5,1.75,79.4,109297.0,65820.0,24.183,12.3
2002-05-01,120.724,2002,5,50311.333333333336,183508489.919804,4.0,179.5,5.8,72.0259454584681,143.8,1.75,79.4,109297.0,65820.0,24.183,12.3
2002-06-01,121.813,2002,6,50336.666666666664,183669679.05149695,4.2,179.6,5.8,71.8415976183793,144.3,1.75,79.4,109297.0,65820.0,24.183,12.3
2002-07-01,122.888,2002,7,50362.0,183888022.552227,4.2,180.0,5.8,71.7475693074201,144.7,1.73,79.4,109297.0,65820.0,24.183,12.3
2002-08-01,123.83,2002,8,50342.0,184160985.601312,4.0,180.5,5.7,71.8888744427129,145.1,1.74,79.4,109297.0,65820.0,24.183,12.3
2002-09-01,124.78,2002,9,50322.0,184423183.166082,3.9,180.8,5.7,72.0771655373591,145.4,1.75,79.4,109297.0,65820.0,24.183,12.3
2002-10-01,125.735,2002,10,50302.0,184554183.404222,4.0,181.2,5.7,71.8898056338426,145.0,1.75,79.4,109297.0,65820.0,24.183,12.3
2002-11-01,126.67,2002,11,50355.333333333336,184744660.935522,4.0,181.5,5.9,71.5418712996904,144.6,1.34,79.4,109297.0,65820.0,24.183,12.3
2002-12-01,127.624,2002,12,50408.666666666664,184859330.48556095,4.0,181.8,6.0,71.5702667205511,144.3,1.24,79.4,109297.0,65820.0,24.183,12.3
2003-01-01,128.461,2003,1,50462.0,185634217.687818,4.0,182.6,5.8,71.5901364063666,144.4,1.24,79.6,111278.0,65860.0,25.93,12.3
2003-02-01,129.355,2003,2,50573.333333333336,185868643.220494,4.5,183.6,5.9,71.5216291392128,145.2,1.26,79.6,111278.0,65860.0,25.93,12.3
2003-03-01,130.148,2003,3,50684.666666666664,186084693.56995896,4.1,183.9,5.9,71.397721503288,145.2,1.25,79.6,111278.0,65860.0,25.93,12.3
2003-04-01,130.884,2003,4,50796.0,186470081.246257,4.1,183.2,6.0,71.3776313514581,145.9,1.26,79.6,111278.0,65860.0,25.93,12.3
2003-05-01,131.735,2003,5,51034.666666666664,186649528.27930897,3.9,182.9,6.1,71.2130042732107,145.8,1.26,79.6,111278.0,65860.0,25.93,12.3
2003-06-01,132.649,2003,6,51273.333333333336,186801069.52906,3.5,183.1,6.3,71.2150251994821,146.1,1.22,79.6,111278.0,65860.0,25.93,12.3
2003-07-01,133.77700000000002,2003,7,51512.0,187067405.757412,3.6,183.7,6.2,70.9892700849208,147.0,1.01,79.6,111278.0,65860.0,25.93,12.3
2003-08-01,134.969,2003,8,51670.0,187305250.791976,3.5,184.5,6.1,71.0030612120238,147.2,1.03,79.6,111278.0,65860.0,25.93,12.3
2003-09-01,136.29399999999998,2003,9,51828.0,187539775.20925,3.8,185.1,6.1,70.9193816020884,149.0,1.01,79.6,111278.0,65860.0,25.93,12.3
2003-10-01,137.531,2003,10,51986.0,187738373.134674,3.8,184.9,6.0,71.0564452689323,149.6,1.01,79.6,111278.0,65860.0,25.93,12.3
2003-11-01,138.79399999999998,2003,11,52050.333333333336,187972124.74446905,4.1,185.0,5.8,71.1384442507041,150.2,1.0,79.6,111278.0,65860.0,25.93,12.3
2003-12-01,140.179,2003,12,52114.666666666664,188135255.079655,4.0,185.5,5.7,71.1178422448983,149.7,0.98,79.6,111278.0,65860.0,25.93,12.3
2004-01-01,141.64600000000002,2004,1,52179.0,187687969.207989,3.8,186.3,5.7,71.2788050684445,150.0,1.0,79.8,112000.0,65760.0,27.201,12.3
2004-02-01,143.192,2004,2,52275.666666666664,187875451.407649,3.7,186.7,5.6,71.2097318174438,153.4,1.01,79.8,112000.0,65760.0,27.201,12.3
2004-03-01,145.059,2004,3,52372.333333333336,188057722.03934503,3.6,187.1,5.8,71.0497805017363,156.5,1.0,79.8,112000.0,65760.0,27.201,12.3
2004-04-01,146.593,2004,4,52469.0,188320169.74652,4.0,187.4,5.6,71.1817588964935,160.1,1.0,79.8,112000.0,65760.0,27.201,12.3
2004-05-01,148.186,2004,5,52591.0,188475810.280927,3.8,188.2,5.6,71.1320428012636,162.7,1.0,79.8,112000.0,65760.0,27.201,12.3
2004-06-01,149.85,2004,6,52713.0,188689461.442109,3.9,188.9,5.6,71.1064500369221,162.0,1.03,79.8,112000.0,65760.0,27.201,12.3
2004-07-01,151.338,2004,7,52835.0,188840548.663347,4.5,189.1,5.5,71.3041417988805,162.2,1.26,79.8,112000.0,65760.0,27.201,12.3
2004-08-01,152.63299999999998,2004,8,52970.666666666664,189071374.975358,4.3,189.2,5.4,71.2647844339153,165.9,1.43,79.8,112000.0,65760.0,27.201,12.3
2004-09-01,154.179,2004,9,53106.333333333336,189217846.455663,4.1,189.8,5.4,71.1521590896717,167.2,1.61,79.8,112000.0,65760.0,27.201,12.3
2004-10-01,155.75,2004,10,53242.0,189444673.04673,3.9,190.8,5.5,71.2242018310224,165.9,1.76,79.8,112000.0,65760.0,27.201,12.3
2004-11-01,157.52700000000002,2004,11,53401.0,189654575.518692,4.3,191.7,5.4,71.3634636791387,165.5,1.93,79.8,112000.0,65760.0,27.201,12.3
2004-12-01,159.33,2004,12,53560.0,189810239.240583,4.1,191.7,5.4,71.299925268726,166.3,2.16,79.8,112000.0,65760.0,27.201,12.3
2005-01-01,161.28799999999998,2005,1,53719.0,189989658.14832905,4.4,191.6,5.3,71.3102675167279,168.6,2.28,79.9,113343.0,66780.0,27.651,12.4
2005-02-01,163.344,2005,2,53768.666666666664,190144268.613114,4.3,192.4,5.4,71.2244624805278,170.4,2.5,79.9,113343.0,66780.0,27.651,12.4
2005-03-01,165.812,2005,3,53818.333333333336,190460460.091305,4.1,193.1,5.2,71.2654065284129,170.0,2.63,79.9,113343.0,66780.0,27.651,12.4
2005-04-01,167.50099999999998,2005,4,53868.0,190466068.157388,4.3,193.7,5.2,71.4366437737022,170.0,2.79,79.9,113343.0,66780.0,27.651,12.4
2005-05-01,169.351,2005,5,53963.0,190710241.839535,4.2,193.6,5.1,71.5286159105597,168.1,3.0,79.9,113343.0,66780.0,27.651,12.4
2005-06-01,171.19,2005,6,54058.0,190962534.95537505,4.3,193.7,5.0,71.494360179617,167.8,3.04,79.9,113343.0,66780.0,27.651,12.4
2005-07-01,172.86,2005,7,54153.0,191115008.889206,4.2,194.9,5.0,71.6281305421663,167.2,3.26,79.9,113343.0,66780.0,27.651,12.4
2005-08-01,174.442,2005,8,54207.666666666664,191266347.303718,4.5,196.1,4.9,71.8245572251537,165.9,3.5,79.9,113343.0,66780.0,27.651,12.4
2005-09-01,176.438,2005,9,54262.333333333336,191439119.291909,4.7,198.8,5.0,71.6869795970993,168.9,3.62,79.9,113343.0,66780.0,27.651,12.4
2005-10-01,178.028,2005,10,54317.0,191655296.67140105,4.5,199.1,5.0,71.693833341672,171.6,3.78,79.9,113343.0,66780.0,27.651,12.4
2005-11-01,179.68,2005,11,54520.333333333336,191932178.95897,5.0,198.1,5.0,71.5574156434844,172.7,4.0,79.9,113343.0,66780.0,27.651,12.4
2005-12-01,180.91,2005,12,54723.666666666664,192145058.962593,4.9,198.1,4.9,71.6272922696257,173.5,4.16,79.9,113343.0,66780.0,27.651,12.4
2006-01-01,182.321,2006,1,54927.0,192350560.3665,5.3,199.3,4.7,71.690531744003,177.2,4.29,80.1,114384.0,67520.0,28.604,12.4
2006-02-01,183.287,2006,2,54933.0,192542668.33467495,6.1,199.4,4.8,71.7741807061563,177.7,4.49,80.1,114384.0,67520.0,28.604,12.4
2006-03-01,184.364,2006,3,54939.0,192688773.082679,5.9,199.7,4.7,71.8419289732005,178.3,4.59,80.1,114384.0,67520.0,28.604,12.4
2006-04-01,184.329,2006,4,54945.0,192815179.50508305,6.3,200.7,4.7,71.7892300842693,179.0,4.79,80.1,114384.0,67520.0,28.604,12.4
2006-05-01,184.156,2006,5,54925.333333333336,192912881.347801,6.2,201.3,4.6,71.8686595430653,179.9,4.94,80.1,114384.0,67520.0,28.604,12.4
2006-06-01,183.507,2006,6,54905.666666666664,193147759.188992,6.3,201.8,4.6,72.0066357740408,180.7,4.99,80.1,114384.0,67520.0,28.604,12.4
2006-07-01,183.068,2006,7,54886.0,193315722.206678,7.3,202.9,4.7,72.0067876189087,182.3,5.24,80.1,114384.0,67520.0,28.604,12.4
2006-08-01,182.594,2006,8,54996.0,193456189.209716,6.7,203.8,4.7,72.0966157600494,182.6,5.25,80.1,114384.0,67520.0,28.604,12.4
2006-09-01,182.798,2006,9,55106.0,193557903.088906,6.7,202.8,4.5,72.050873036717,183.3,5.25,80.1,114384.0,67520.0,28.604,12.4
2006-10-01,183.198,2006,10,55216.0,193702904.57828,7.3,201.9,4.4,72.2433147607166,182.3,5.25,80.1,114384.0,67520.0,28.604,12.4
2006-11-01,183.609,2006,11,55230.666666666664,193948914.748138,6.6,202.0,4.5,72.1793588670628,179.8,5.25,80.1,114384.0,67520.0,28.604,12.4
2006-12-01,184.139,2006,12,55245.333333333336,194181049.427418,6.5,203.1,4.4,72.3255485543409,179.8,5.24,80.1,114384.0,67520.0,28.604,12.4
2007-01-01,184.517,2007,1,55260.0,194950822.52520895,7.2,203.437,4.6,72.1389786666459,181.1,5.25,80.3,116011.0,68610.0,29.512,12.5
2007-02-01,184.598,2007,2,55331.333333333336,195126880.627733,7.9,204.226,4.5,71.9754313253314,181.5,5.26,80.3,116011.0,68610.0,29.512,12.5
2007-03-01,184.15,2007,3,55402.666666666664,195232897.83557,7.9,205.288,4.4,72.0188718024501,182.5,5.26,80.3,116011.0,68610.0,29.512,12.5
2007-04-01,183.01,2007,4,55474.0,195285714.737398,7.4,205.904,4.5,71.7047436543484,183.7,5.25,80.3,116011.0,68610.0,29.512,12.5
2007-05-01,181.6,2007,5,55532.333333333336,195379018.833646,7.8,206.755,4.4,71.7523530194965,184.0,5.25,80.3,116011.0,68610.0,29.512,12.5
2007-06-01,180.254,2007,6,55590.666666666664,195626634.046856,8.2,207.234,4.6,71.7692298204664,184.0,5.25,80.3,116011.0,68610.0,29.512,12.5
2007-07-01,179.111,2007,7,55649.0,195763535.11075,8.3,207.603,4.7,71.7336819674446,184.2,5.26,80.3,116011.0,68610.0,29.512,12.5
2007-08-01,178.116,2007,8,55718.333333333336,195850863.946078,9.2,207.667,4.6,71.5659257477361,183.9,5.02,80.3,116011.0,68610.0,29.512,12.5
2007-09-01,177.558,2007,9,55787.666666666664,195982436.044094,9.2,208.547,4.7,71.6981546272485,183.4,4.94,80.3,116011.0,68610.0,29.512,12.5
2007-10-01,176.62400000000002,2007,10,55857.0,196078651.47493,8.5,209.19,4.7,71.5803045302188,183.0,4.76,80.3,116011.0,68610.0,29.512,12.5
2007-11-01,175.14700000000002,2007,11,55737.0,196221175.760461,9.4,210.834,4.7,71.7771614629463,183.3,4.49,80.3,116011.0,68610.0,29.512,12.5
2007-12-01,174.342,2007,12,55617.0,196455828.256626,9.6,211.445,5.0,71.5532926113138,183.5,4.24,80.3,116011.0,68610.0,29.512,12.5
2008-01-01,173.132,2008,1,55497.0,196086203.524982,9.3,212.174,5.0,71.6783781969819,184.3,3.94,80.4,116783.0,66280.0,29.876,12.7
2008-02-01,171.541,2008,2,55566.333333333336,196235085.354875,9.7,212.687,4.9,71.435293581499,185.7,2.98,80.4,116783.0,66280.0,29.876,12.7
2008-03-01,170.053,2008,3,55635.666666666664,196400619.620712,10.5,213.448,5.1,71.405518624937,187.8,2.61,80.4,116783.0,66280.0,29.876,12.7
2008-04-01,168.338,2008,4,55705.0,196184860.473712,10.3,213.942,5.0,71.4270797560234,190.9,2.28,80.4,116783.0,66280.0,29.876,12.7
2008-05-01,166.65900000000002,2008,5,55562.666666666664,196464924.349443,10.7,215.208,5.4,71.2029905410887,195.8,1.98,80.4,116783.0,66280.0,29.876,12.7
2008-06-01,165.017,2008,6,55420.333333333336,196572656.95004705,10.7,217.463,5.6,71.1271146045097,200.4,2.0,80.4,116783.0,66280.0,29.876,12.7
2008-07-01,163.566,2008,7,55278.0,196674352.76027095,10.5,219.016,5.8,70.9372729752532,203.4,2.01,80.4,116783.0,66280.0,29.876,12.7
2008-08-01,161.987,2008,8,54832.333333333336,196811762.382218,11.3,218.69,6.1,70.7190251847728,206.5,2.0,80.4,116783.0,66280.0,29.876,12.7
2008-09-01,160.308,2008,9,54386.666666666664,196984550.093428,10.9,218.877,6.1,70.540823791512,206.3,1.81,80.4,116783.0,66280.0,29.876,12.7
2008-10-01,158.327,2008,10,53941.0,197147398.688824,11.6,216.995,6.5,70.3949126003307,201.8,0.97,80.4,116783.0,66280.0,29.876,12.7
2008-11-01,156.142,2008,11,53701.0,197282896.945071,11.4,213.153,6.8,69.9479148378307,199.6,0.39,80.4,116783.0,66280.0,29.876,12.7
2008-12-01,153.619,2008,12,53461.0,197450491.660518,11.2,211.398,7.3,69.5581217375273,194.8,0.16,80.4,116783.0,66280.0,29.876,12.7
2009-01-01,151.507,2009,1,53221.0,196957406.258437,12.2,211.933,7.8,69.0239915520256,193.3,0.15,80.6,117181.0,65850.0,32.883,12.9
2009-02-01,150.015,2009,2,53153.0,197131242.151053,10.5,212.705,8.3,68.7232146359765,191.2,0.22,80.6,117181.0,65850.0,32.883,12.9
2009-03-01,148.66,2009,3,53085.0,197297625.327139,11.0,212.495,8.7,68.2114764112269,190.2,0.18,80.6,117181.0,65850.0,32.883,12.9
2009-04-01,147.94899999999998,2009,4,53017.0,197764400.86352,10.7,212.709,9.0,68.1175033581794,188.1,0.15,80.6,117181.0,65850.0,32.883,12.9
2009-05-01,147.694,2009,5,53038.333333333336,197891272.68780705,9.3,213.022,9.4,67.7649001785639,186.9,0.18,80.6,117181.0,65850.0,32.883,12.9
2009-06-01,148.09,2009,6,53059.666666666664,197603408.54757705,8.5,214.79,9.5,67.8097728949934,187.1,0.21,80.6,117181.0,65850.0,32.883,12.9
2009-07-01,148.41,2009,7,53081.0,197766275.014166,7.9,214.726,9.5,67.6999383608264,187.6,0.16,80.6,117181.0,65850.0,32.883,12.9
2009-08-01,148.278,2009,8,53231.0,198114332.68621105,7.5,215.445,9.6,67.3297366610746,188.1,0.16,80.6,117181.0,65850.0,32.883,12.9
2009-09-01,148.025,2009,9,53381.0,198363808.252616,7.8,215.861,9.8,66.8819393492895,189.3,0.15,80.6,117181.0,65850.0,32.883,12.9
2009-10-01,147.85,2009,10,53531.0,198618252.04989,7.4,216.509,10.0,66.6074131026783,189.7,0.12,80.6,117181.0,65850.0,32.883,12.9
2009-11-01,148.134,2009,11,53581.666666666664,198614188.035042,7.6,217.234,9.9,66.6757442290142,189.2,0.12,80.6,117181.0,65850.0,32.883,12.9
2009-12-01,147.929,2009,12,53632.333333333336,198623349.131128,8.0,217.347,9.9,66.4105191281779,189.4,0.12,80.6,117181.0,65850.0,32.883,12.9
2010-01-01,147.39600000000002,2010,1,53683.0,198065211.537052,8.1,217.488,9.8,66.7493004945554,190.3,0.11,80.8,117538.0,64300.0,32.669,13.0
2010-02-01,145.631,2010,2,53822.0,198329647.91393203,8.3,217.281,9.8,66.7075195826625,192.2,0.13,80.8,117538.0,64300.0,32.669,13.0
2010-03-01,145.859,2010,3,53961.0,198649626.007924,7.1,217.353,9.9,66.7296430527072,193.7,0.16,80.8,117538.0,64300.0,32.669,13.0
2010-04-01,146.403,2010,4,54100.0,199115795.460867,6.2,217.403,9.9,66.8654314965522,196.5,0.2,80.8,117538.0,64300.0,32.669,13.0
2010-05-01,146.394,2010,5,54200.333333333336,199224561.965077,9.3,217.29,9.6,66.7558477285922,198.9,0.2,80.8,117538.0,64300.0,32.669,13.0
2010-06-01,145.721,2010,6,54300.666666666664,198998357.44226295,8.3,217.199,9.4,66.7510741748305,197.2,0.18,80.8,117538.0,64300.0,32.669,13.0
2010-07-01,144.991,2010,7,54401.0,199104164.26996,8.9,217.605,9.4,66.7324437302398,195.6,0.18,80.8,117538.0,64300.0,32.669,13.0
2010-08-01,143.916,2010,8,54457.0,199358427.096852,8.8,217.923,9.5,66.7833483131096,194.1,0.19,80.8,117538.0,64300.0,32.669,13.0
2010-09-01,143.019,2010,9,54513.0,199592944.422734,7.6,218.275,9.5,66.6605343882294,193.9,0.19,80.8,117538.0,64300.0,32.669,13.0
2010-10-01,142.531,2010,10,54569.0,199859978.358188,8.2,219.035,9.4,66.4639098207166,193.8,0.19,80.8,117538.0,64300.0,32.669,13.0
2010-11-01,142.173,2010,11,54493.0,199933691.570699,8.2,219.59,9.8,66.3727218100545,193.6,0.19,80.8,117538.0,64300.0,32.669,13.0
2010-12-01,142.06,2010,12,54417.0,199962030.403099,7.0,220.472,9.3,66.4940765556386,194.2,0.18,80.8,117538.0,64300.0,32.669,13.0
2011-01-01,141.52100000000002,2011,1,54341.0,199071788.58297,7.3,221.187,9.1,66.6797456311241,195.9,0.17,80.9,119927.0,63350.0,34.23,13.3
2011-02-01,140.35,2011,2,54430.666666666664,199329997.658309,8.1,221.898,9.0,66.5974727710918,198.1,0.16,80.9,119927.0,63350.0,34.23,13.3
2011-03-01,139.981,2011,3,54520.333333333336,199524830.186532,7.2,223.046,9.0,66.6849101959247,199.7,0.14,80.9,119927.0,63350.0,34.23,13.3
2011-04-01,140.01,2011,4,54610.0,199950249.05044895,6.7,224.093,9.1,66.5364426971001,201.1,0.1,80.9,119927.0,63350.0,34.23,13.3
2011-05-01,139.905,2011,5,54567.333333333336,200047046.576764,6.6,224.806,9.0,66.5364468258517,201.6,0.09,80.9,119927.0,63350.0,34.23,13.3
2011-06-01,139.862,2011,6,54524.666666666664,199916426.046807,6.6,224.806,9.1,66.4126931084804,201.9,0.09,80.9,119927.0,63350.0,34.23,13.3
2011-07-01,139.73,2011,7,54482.0,200019255.615213,6.7,225.395,9.0,66.401281161031,202.6,0.07,80.9,119927.0,63350.0,34.23,13.3
2011-08-01,139.309,2011,8,54647.666666666664,200119232.68470705,6.5,226.106,9.0,66.6650320898062,202.8,0.1,80.9,119927.0,63350.0,34.23,13.3
2011-09-01,138.668,2011,9,54813.333333333336,200263992.82767,6.3,226.597,9.0,66.6875291894894,202.7,0.08,80.9,119927.0,63350.0,34.23,13.3
2011-10-01,137.952,2011,10,54979.0,200455255.78058,6.0,226.75,8.8,66.6716699294937,202.7,0.07,80.9,119927.0,63350.0,34.23,13.3
2011-11-01,137.15200000000002,2011,11,55100.0,200413998.083871,5.7,227.169,8.6,66.8217850143726,202.2,0.08,80.9,119927.0,63350.0,34.23,13.3
2011-12-01,136.674,2011,12,55221.0,200418681.30812705,5.3,227.223,8.5,66.8558767510904,202.2,0.07,80.9,119927.0,63350.0,34.23,13.3
2012-01-01,136.607,2012,1,55342.0,201013600.78646803,5.3,227.842,8.3,66.9279894184415,203.9,0.08,81.1,121084.0,63350.0,33.283,13.6
2012-02-01,136.533,2012,2,55391.333333333336,201109580.669277,4.8,228.329,8.3,66.9650039716589,205.1,0.1,81.1,121084.0,63350.0,33.283,13.6
2012-03-01,137.904,2012,3,55440.666666666664,201200902.24498,4.9,228.807,8.2,66.9869079964518,205.7,0.13,81.1,121084.0,63350.0,33.283,13.6
2012-04-01,139.154,2012,4,55490.0,201473852.83764,4.9,229.187,8.2,66.91903497136,206.3,0.14,81.1,121084.0,63350.0,33.283,13.6
2012-05-01,140.155,2012,5,55478.0,201510859.836736,4.7,228.713,8.2,67.0612681298211,206.5,0.16,81.1,121084.0,63350.0,33.283,13.6
2012-06-01,141.03,2012,6,55466.0,201441454.973354,4.8,228.524,8.2,67.1283029699315,206.6,0.16,81.1,121084.0,63350.0,33.283,13.6
2012-07-01,141.66899999999998,2012,7,55454.0,201433691.744108,4.6,228.59,8.2,67.0470875203821,206.2,0.16,81.1,121084.0,63350.0,33.283,13.6
2012-08-01,142.279,2012,8,55437.0,201502453.159918,4.6,229.918,8.1,67.0015719336249,205.5,0.13,81.1,121084.0,63350.0,33.283,13.6
2012-09-01,142.908,2012,9,55420.0,201625853.703525,4.5,231.015,7.8,67.3141844961072,206.6,0.14,81.1,121084.0,63350.0,33.283,13.6
2012-10-01,143.6,2012,10,55403.0,201720006.252997,4.9,231.638,7.8,67.5013022277516,205.5,0.16,81.1,121084.0,63350.0,33.283,13.6
2012-11-01,144.585,2012,11,55555.0,201769248.477423,4.6,231.249,7.7,67.2838797625009,205.6,0.16,81.1,121084.0,63350.0,33.283,13.6
2012-12-01,145.503,2012,12,55707.0,201889547.768835,4.5,231.221,7.9,67.2979672124517,206.4,0.16,81.1,121084.0,63350.0,33.283,13.6
2013-01-01,146.827,2013,1,55859.0,201740179.051336,4.0,231.679,8.0,67.2584805724584,208.4,0.14,81.3,122459.0,65740.0,33.213,13.9
2013-02-01,147.784,2013,2,55877.333333333336,201880651.538706,4.1,232.937,7.7,67.2427197121446,209.1,0.15,81.3,122459.0,65740.0,33.213,13.9
2013-03-01,149.963,2013,3,55895.666666666664,202094069.12762,4.2,232.282,7.5,67.1771183207476,209.8,0.14,81.3,122459.0,65740.0,33.213,13.9
2013-04-01,151.519,2013,4,55914.0,202114411.981009,4.4,231.797,7.6,67.2680421672198,210.7,0.15,81.3,122459.0,65740.0,33.213,13.9
2013-05-01,152.85,2013,5,56033.333333333336,202298812.143071,4.6,231.893,7.5,67.3404180447339,209.5,0.11,81.3,122459.0,65740.0,33.213,13.9
2013-06-01,154.2,2013,6,56152.666666666664,202334797.859025,4.1,232.445,7.5,67.3657880514098,208.8,0.09,81.3,122459.0,65740.0,33.213,13.9
2013-07-01,155.60399999999998,2013,7,56272.0,202342809.549881,5.5,232.9,7.3,67.4886505649831,208.3,0.09,81.3,122459.0,65740.0,33.213,13.9
2013-08-01,156.965,2013,8,56395.333333333336,202432246.934181,5.5,233.456,7.2,67.415546987185,208.9,0.08,81.3,122459.0,65740.0,33.213,13.9
2013-09-01,158.227,2013,9,56518.666666666664,202612834.796677,5.4,233.544,7.2,67.4701323208598,208.9,0.08,81.3,122459.0,65740.0,33.213,13.9
2013-10-01,159.24200000000002,2013,10,56642.0,202634154.849124,4.9,233.669,7.2,67.1355221884585,209.3,0.09,81.3,122459.0,65740.0,33.213,13.9
2013-11-01,160.07399999999998,2013,11,56543.0,202701028.713779,5.0,234.1,6.9,67.45001282898,209.8,0.08,81.3,122459.0,65740.0,33.213,13.9
2013-12-01,160.994,2013,12,56444.0,202726080.249386,5.2,234.719,6.7,67.540370430589,209.8,0.09,81.3,122459.0,65740.0,33.213,13.9
2014-01-01,161.92700000000002,2014,1,56345.0,202492934.990058,5.1,235.288,6.6,67.7119004520981,211.7,0.07,81.5,123229.0,64900.0,33.806,14.1
2014-02-01,162.525,2014,2,56552.666666666664,202561429.474419,5.3,235.547,6.7,67.6848878002402,212.7,0.07,81.5,123229.0,64900.0,33.806,14.1
2014-03-01,163.086,2014,3,56760.333333333336,202694172.15927,5.6,236.028,6.7,67.9184797179588,213.4,0.08,81.5,123229.0,64900.0,33.806,14.1
2014-04-01,163.393,2014,4,56968.0,202799124.484298,5.7,236.468,6.2,67.9356192490344,213.6,0.09,81.5,123229.0,64900.0,33.806,14.1
2014-05-01,163.66,2014,5,57157.333333333336,202922484.178469,5.2,236.918,6.3,68.0276976338772,214.3,0.09,81.5,123229.0,64900.0,33.806,14.1
2014-06-01,164.06400000000002,2014,6,57346.666666666664,203092828.126113,5.7,237.231,6.1,68.1555785338041,214.5,0.1,81.5,123229.0,64900.0,33.806,14.1
2014-07-01,164.579,2014,7,57536.0,203115985.414274,6.2,237.498,6.2,68.1717244297463,214.8,0.09,81.5,123229.0,64900.0,33.806,14.1
2014-08-01,165.215,2014,8,57591.333333333336,203210145.49464905,5.4,237.46,6.1,68.2269465613404,215.5,0.09,81.5,123229.0,64900.0,33.806,14.1
2014-09-01,165.905,2014,9,57646.666666666664,203260317.08028603,5.4,237.477,5.9,68.2818442441755,215.7,0.09,81.5,123229.0,64900.0,33.806,14.1
2014-10-01,166.641,2014,10,57702.0,203281628.022833,5.3,237.43,5.7,68.5808558750651,215.9,0.09,81.5,123229.0,64900.0,33.806,14.1
2014-11-01,167.335,2014,11,57841.666666666664,203370716.173862,5.7,236.983,5.8,68.5201365256652,215.8,0.09,81.5,123229.0,64900.0,33.806,14.1
2014-12-01,168.051,2014,12,57981.333333333336,203424863.155179,5.1,236.252,5.6,68.4830259045334,215.5,0.12,81.5,123229.0,64900.0,33.806,14.1
2015-01-01,168.634,2015,1,58121.0,203881341.35219505,4.8,234.747,5.7,68.5445369868969,215.8,0.11,81.7,124587.0,68410.0,34.859,14.3
2015-02-01,169.12900000000002,2015,2,58206.0,203936974.01881,4.5,235.342,5.5,68.5362037954369,215.3,0.11,81.7,124587.0,68410.0,34.859,14.3
2015-03-01,169.799,2015,3,58291.0,204002384.283532,5.1,235.976,5.4,68.4292229087655,215.0,0.11,81.7,124587.0,68410.0,34.859,14.3
2015-04-01,170.298,2015,4,58376.0,204016820.66419905,4.9,236.222,5.4,68.6835160989819,214.5,0.12,81.7,124587.0,68410.0,34.859,14.3
2015-05-01,170.88,2015,5,58412.666666666664,204232027.93604305,5.0,237.001,5.6,68.7980752564137,213.7,0.12,81.7,124587.0,68410.0,34.859,14.3
2015-06-01,171.47099999999998,2015,6,58449.333333333336,204417687.63879,5.4,237.657,5.3,68.6868357512872,213.7,0.13,81.7,124587.0,68410.0,34.859,14.3
2015-07-01,172.13299999999998,2015,7,58486.0,204506449.39351895,5.2,238.034,5.2,68.6366901506224,213.7,0.13,81.7,124587.0,68410.0,34.859,14.3
2015-08-01,172.93599999999998,2015,8,58480.666666666664,204557902.821014,5.0,238.033,5.1,68.7580949027673,213.3,0.14,81.7,124587.0,68410.0,34.859,14.3
2015-09-01,173.828,2015,9,58475.333333333336,204536920.322261,5.9,237.498,5.0,68.6527413765427,212.5,0.14,81.7,124587.0,68410.0,34.859,14.3
2015-10-01,174.792,2015,10,58470.0,204577584.842515,5.6,237.733,5.0,68.727915235944,212.4,0.12,81.7,124587.0,68410.0,34.859,14.3
2015-11-01,175.738,2015,11,58548.0,204605179.588027,5.5,238.017,5.1,68.8783233123858,211.7,0.12,81.7,124587.0,68410.0,34.859,14.3
2015-12-01,176.544,2015,12,58626.0,204718625.400822,5.1,237.761,5.0,69.0806925662101,210.9,0.24,81.7,124587.0,68410.0,34.859,14.3
2016-01-01,177.274,2016,1,58704.0,205107943.30787,5.6,237.652,4.8,69.1879710576038,211.4,0.34,81.9,125819.0,70840.0,37.55,14.7
2016-02-01,177.649,2016,2,58731.666666666664,205160893.78876305,5.5,237.336,4.9,69.2626907074388,211.3,0.38,81.9,125819.0,70840.0,37.55,14.7
2016-03-01,178.16400000000002,2016,3,58759.333333333336,205293260.649971,5.5,238.08,5.0,69.2818036945703,211.6,0.36,81.9,125819.0,70840.0,37.55,14.7
2016-04-01,178.766,2016,4,58787.0,205240952.721374,5.0,238.992,5.1,69.173863547746,212.7,0.37,81.9,125819.0,70840.0,37.55,14.7
2016-05-01,179.429,2016,5,58886.0,205443695.43154,5.1,239.557,4.8,69.2893706881234,213.7,0.37,81.9,125819.0,70840.0,37.55,14.7
2016-06-01,180.084,2016,6,58985.0,205612263.741236,5.3,240.222,4.9,69.1996294204532,214.6,0.38,81.9,125819.0,70840.0,37.55,14.7
2016-07-01,180.834,2016,7,59084.0,205723009.48766,4.5,240.101,4.8,69.2867306013526,215.3,0.39,81.9,125819.0,70840.0,37.55,14.7
2016-08-01,181.85,2016,8,59154.666666666664,205722118.07776,5.0,240.545,4.9,69.3836583023397,216.0,0.4,81.9,125819.0,70840.0,37.55,14.7
2016-09-01,182.823,2016,9,59225.333333333336,205758207.661835,5.2,241.176,5.0,69.4274833712712,215.3,0.4,81.9,125819.0,70840.0,37.55,14.7
2016-10-01,183.75,2016,10,59296.0,205820559.12200695,5.2,241.741,4.9,69.4290451111874,214.8,0.4,81.9,125819.0,70840.0,37.55,14.7
2016-11-01,184.759,2016,11,59362.0,205809150.763684,5.2,242.026,4.7,69.5544750020533,214.5,0.41,81.9,125819.0,70840.0,37.55,14.7
2016-12-01,185.725,2016,12,59428.0,205947149.215825,5.4,242.637,4.7,69.5643111954603,215.5,0.54,81.9,125819.0,70840.0,37.55,14.7
2017-01-01,186.805,2017,1,59494.0,205341373.943927,5.4,243.618,4.7,69.6452551468928,217.3,0.65,82.1,126224.0,72090.0,35.771,15.1
2017-02-01,187.313,2017,2,59574.666666666664,205348420.244582,5.3,244.006,4.6,69.716673658585,218.8,0.66,82.1,126224.0,72090.0,35.771,15.1
2017-03-01,187.992,2017,3,59655.333333333336,205265464.362687,5.0,243.892,4.4,70.0106852016707,219.7,0.79,82.1,126224.0,72090.0,35.771,15.1
2017-04-01,188.724,2017,4,59736.0,205392169.453776,5.4,244.193,4.4,70.0872949743237,221.0,0.9,82.1,126224.0,72090.0,35.771,15.1
2017-05-01,189.616,2017,5,59857.0,205501946.665678,5.1,244.004,4.4,70.0090435002788,221.7,0.91,82.1,126224.0,72090.0,35.771,15.1
2017-06-01,190.513,2017,6,59978.0,205688251.205509,5.3,244.163,4.3,70.0982430022366,221.9,1.04,82.1,126224.0,72090.0,35.771,15.1
2017-07-01,191.45,2017,7,60099.0,205740836.169578,5.8,244.243,4.3,70.1776001476887,221.9,1.15,82.1,126224.0,72090.0,35.771,15.1
2017-08-01,192.663,2017,8,60290.666666666664,205723613.844996,6.1,245.183,4.4,70.1500729303963,222.4,1.16,82.1,126224.0,72090.0,35.771,15.1
2017-09-01,193.759,2017,9,60482.333333333336,205704970.924289,5.3,246.435,4.3,70.4770872852692,223.1,1.15,82.1,126224.0,72090.0,35.771,15.1
2017-10-01,194.805,2017,10,60674.0,205670408.394115,5.5,246.626,4.2,70.2633470011261,223.9,1.15,82.1,126224.0,72090.0,35.771,15.1
2017-11-01,195.958,2017,11,60813.666666666664,205656877.8503,4.8,247.284,4.2,70.2997152420944,223.9,1.16,82.1,126224.0,72090.0,35.771,15.1
2017-12-01,197.178,2017,12,60953.333333333336,205800595.64941695,5.6,247.805,4.1,70.2807222461999,224.1,1.3,82.1,126224.0,72090.0,35.771,15.1
2018-01-01,198.314,2018,1,61093.0,206339378.419178,6.0,248.859,4.0,70.3181800753163,225.8,1.41,82.3,127586.0,73030.0,38.859,15.4
2018-02-01,199.227,2018,2,61174.0,206307462.824439,5.7,249.529,4.1,70.6025342912855,228.7,1.42,82.3,127586.0,73030.0,38.859,15.4
2018-03-01,199.961,2018,3,61255.0,206369738.227738,5.2,249.577,4.0,70.5527779588143,231.3,1.51,82.3,127586.0,73030.0,38.859,15.4
2018-04-01,200.655,2018,4,61336.0,206274935.365562,5.6,250.227,4.0,70.5720380100601,232.4,1.69,82.3,127586.0,73030.0,38.859,15.4
2018-05-01,201.423,2018,5,61431.333333333336,206525427.999221,5.5,250.792,3.8,70.7350849329814,236.8,1.7,82.3,127586.0,73030.0,38.859,15.4
2018-06-01,202.237,2018,6,61526.666666666664,206661184.65188,5.8,251.018,4.0,70.6978812080135,239.2,1.82,82.3,127586.0,73030.0,38.859,15.4
2018-07-01,202.907,2018,7,61622.0,206659777.11561295,6.0,251.214,3.8,70.8678685681902,239.6,1.91,82.3,127586.0,73030.0,38.859,15.4
2018-08-01,203.688,2018,8,61621.0,206664712.900867,6.5,251.663,3.8,70.5678662709577,239.4,1.91,82.3,127586.0,73030.0,38.859,15.4
2018-09-01,204.353,2018,9,61620.0,206654330.097875,6.6,252.182,3.7,70.767103038957,240.0,1.95,82.3,127586.0,73030.0,38.859,15.4
2018-10-01,205.12,2018,10,61619.0,206620708.24887905,7.2,252.772,3.8,70.9298443900792,238.7,2.19,82.3,127586.0,73030.0,38.859,15.4
2018-11-01,205.679,2018,11,61709.0,206643656.57961,6.4,252.594,3.8,70.9944431591298,238.8,2.2,82.3,127586.0,73030.0,38.859,15.4
2018-12-01,206.169,2018,12,61799.0,206762878.623716,7.6,252.767,3.9,70.995031134178,238.3,2.27,82.3,127586.0,73030.0,38.859,15.4
2019-01-01,206.539,2019,1,61889.0,206187752.561887,7.0,252.718,4.0,71.0142554508684,238.5,2.4,82.5,128579.0,78250.0,40.185,15.8
2019-02-01,206.848,2019,2,62036.333333333336,206154545.46956903,6.4,253.322,3.8,71.0435097475702,238.1,2.4,82.5,128579.0,78250.0,40.185,15.8
2019-03-01,207.047,2019,3,62183.666666666664,206099024.77024505,5.7,254.202,3.8,71.0702637587111,238.1,2.41,82.5,128579.0,78250.0,40.185,15.8
2019-04-01,207.506,2019,4,62331.0,206170068.640731,5.8,255.211,3.6,71.1362472830823,237.2,2.42,82.5,128579.0,78250.0,40.185,15.8
2019-05-01,208.138,2019,5,62535.666666666664,206451313.15124,6.7,255.29,3.7,71.1453122391529,237.3,2.39,82.5,128579.0,78250.0,40.185,15.8
2019-06-01,208.659,2019,6,62740.333333333336,206564990.504277,5.2,255.159,3.6,71.2438915875506,236.3,2.38,82.5,128579.0,78250.0,40.185,15.8
2019-07-01,209.262,2019,7,62945.0,206412025.16746095,5.9,255.685,3.7,71.2687803636565,235.6,2.4,82.5,128579.0,78250.0,40.185,15.8
2019-08-01,210.102,2019,8,63049.0,206409591.62938,5.4,256.059,3.7,71.4198849208562,234.4,2.13,82.5,128579.0,78250.0,40.185,15.8
2019-09-01,210.913,2019,9,63153.0,206341688.662982,5.4,256.511,3.5,71.7197521185657,234.4,2.04,82.5,128579.0,78250.0,40.185,15.8
2019-10-01,211.808,2019,10,63257.0,206244263.932141,5.3,257.244,3.6,71.7210604227263,233.8,1.83,82.5,128579.0,78250.0,40.185,15.8
2019-11-01,212.805,2019,11,62949.0,206317380.232137,5.4,257.803,3.6,71.7096685708771,232.8,1.55,82.5,128579.0,78250.0,40.185,15.8
2019-12-01,213.955,2019,12,62641.0,206389716.222774,5.6,258.616,3.6,71.6946519263164,232.2,1.55,82.5,128579.0,78250.0,40.185,15.8
2020-01-01,214.99400000000003,2020,1,62333.0,205727844.84185705,5.7,259.037,3.5,71.7686565655174,233.4,1.55,82.7,128451.0,76660.0,44.147,16.2
2020-02-01,215.837,2020,2,60684.0,205599624.533511,5.6,259.248,3.5,71.7908264541752,234.6,1.58,82.7,128451.0,76660.0,44.147,16.2
2020-03-01,216.365,2020,3,59035.0,205438752.3335,6.5,258.124,4.4,70.5486833172108,236.3,0.65,82.7,128451.0,76660.0,44.147,16.2
2020-04-01,216.801,2020,4,57386.0,206982497.617641,6.9,256.092,14.7,60.1957980000898,234.3,0.05,82.7,128451.0,76660.0,44.147,16.2
2020-05-01,216.987,2020,5,58859.333333333336,206796375.768438,5.4,255.868,13.2,62.2361265189429,233.3,0.05,82.7,128451.0,76660.0,44.147,16.2
2020-06-01,217.63,2020,6,60332.666666666664,205507595.262771,3.8,256.986,11.0,64.7660708258647,234.8,0.08,82.7,128451.0,76660.0,44.147,16.2
2020-07-01,219.322,2020,7,61806.0,205375033.00646895,3.4,258.278,10.2,65.3795951825375,237.0,0.09,82.7,128451.0,76660.0,44.147,16.2
2020-08-01,222.424,2020,8,62008.666666666664,205753509.841955,3.3,259.411,8.4,66.8599538018864,240.9,0.1,82.7,128451.0,76660.0,44.147,16.2
2020-09-01,225.853,2020,9,62211.333333333336,206129691.633232,3.4,260.029,7.9,66.9268372516762,246.9,0.09,82.7,128451.0,76660.0,44.147,16.2
2020-10-01,229.781,2020,10,62414.0,206073201.59363905,3.3,260.286,6.9,67.8988824451502,246.4,0.09,82.7,128451.0,76660.0,44.147,16.2
2020-11-01,233.235,2020,11,62685.0,206157005.379489,4.0,260.813,6.7,67.8180926947647,244.3,0.09,82.7,128451.0,76660.0,44.147,16.2
2020-12-01,236.521,2020,12,62956.0,206069507.781916,4.1,262.035,6.7,67.9147399551551,248.0,0.09,82.7,128451.0,76660.0,44.147,16.2
2021-01-01,239.55900000000003,2021,1,63227.0,204934021.292635,4.0,262.65,6.3,68.1846562690056,256.4,0.09,82.9,129224.0,76330.0,45.299,16.7
2021-02-01,242.325,2021,2,63537.0,204891687.618555,4.9,263.638,6.2,68.4139643599355,264.6,0.08,82.9,129224.0,76330.0,45.299,16.7
2021-03-01,245.402,2021,3,63847.0,205005370.31361505,4.4,264.914,6.1,68.569186987675,276.7,0.07,82.9,129224.0,76330.0,45.299,16.7
2021-04-01,249.055,2021,4,64157.0,205383768.461534,4.7,266.67,6.1,68.656903701129,291.8,0.07,82.9,129224.0,76330.0,45.299,16.7
2021-05-01,253.426,2021,5,64309.666666666664,205608505.140075,5.6,268.444,5.8,68.9673797900098,305.9,0.06,82.9,129224.0,76330.0,45.299,16.7
2021-06-01,258.381,2021,6,64462.333333333336,205376295.567377,5.8,270.559,5.9,69.0960528816812,315.7,0.08,82.9,129224.0,76330.0,45.299,16.7
2021-07-01,262.707,2021,7,64615.0,205348746.108799,5.7,271.764,5.4,69.676119843469,313.542,0.1,82.9,129224.0,76330.0,45.299,16.7
2021-08-01,266.921,2021,8,64960.333333333336,205344628.370044,6.5,272.87,5.2,69.6799715600036,313.083,0.09,82.9,129224.0,76330.0,45.299,16.7
2021-09-01,270.402,2021,9,65305.666666666664,205480663.737847,6.0,274.028,4.8,69.9487394525682,317.136,0.08,82.9,129224.0,76330.0,45.299,16.7
2021-10-01,273.769,2021,10,65651.0,205382783.10683095,6.8,276.522,4.5,70.199945379382,322.12,0.08,82.9,129224.0,76330.0,45.299,16.7
2021-11-01,277.251,2021,11,65529.333333333336,205355471.434348,6.0,278.711,4.2,70.6391105732344,328.94,0.08,82.9,129224.0,76330.0,45.299,16.7
2021-12-01,281.393,2021,12,65407.666666666664,205308040.74125305,5.6,280.887,3.9,70.7982931166371,335.032,0.08,82.9,129224.0,76330.0,45.299,16.7
2022-01-01,285.921,2022,1,65286.0,207089262.150918,5.8,282.599,4.0,70.7532182062498,345.742,0.08,83.1,131202.0,74580.0,48.021,17.1
2022-02-01,291.09,2022,2,65233.0,207088528.857024,6.2,284.61,3.8,70.89598181368,343.583,0.08,83.1,131202.0,74580.0,48.021,17.1
2022-03-01,296.353,2022,3,65180.0,207000251.552004,7.0,287.472,3.6,71.2646493651925,345.852,0.2,83.1,131202.0,74580.0,48.021,17.1
2022-04-01,300.55,2022,4,65127.0,207057895.41266,8.5,288.611,3.6,71.2231059763883,343.786,0.33,83.1,131202.0,74580.0,48.021,17.1
2022-05-01,303.796,2022,5,65238.666666666664,207270495.441973,8.3,291.268,3.6,71.3739457522692,353.015,0.77,83.1,131202.0,74580.0,48.021,17.1
2022-06-01,304.755,2022,6,65350.333333333336,207401806.087263,9.5,294.728,3.6,71.235258128203,349.8,1.21,83.1,131202.0,74580.0,48.021,17.1
2022-07-01,303.714,2022,7,65462.0,207424100.60153,10.1,294.628,3.5,71.3259833209717,346.79,1.68,83.1,131202.0,74580.0,48.021,17.1
2022-08-01,301.596,2022,8,65569.0,207394073.28075603,8.7,295.32,3.7,71.4668999578133,342.753,2.33,83.1,131202.0,74580.0,48.021,17.1
2022-09-01,299.38,2022,9,65676.0,207474329.172692,9.7,296.539,3.5,71.4442308721886,336.464,2.56,83.1,131202.0,74580.0,48.021,17.1
2022-10-01,298.922,2022,10,65783.0,207456273.845169,9.7,297.987,3.7,71.2477993257328,333.796,3.08,83.1,131202.0,74580.0,48.021,17.1
2022-11-01,298.312,2022,11,65881.33333333333,207509690.010877,9.4,298.598,3.6,71.3230364154321,330.369,3.78,83.1,131202.0,74580.0,48.021,17.1
2022-12-01,297.471,2022,12,65979.66666666667,207506562.53942505,8.5,298.99,3.5,71.575987484936,326.449,4.1,83.1,131202.0,74580.0,48.021,17.1
